Variant No.,AASeq,ka,kd
WT-Tra ,CSRWGGDGFYAMDYW,1.01E-04,2.51E-05
1,WMETGFYTHD,1.46E-05,1.05E-05
2,WQRGGFYVND,1.30E-04,2.51E-05
3,WGIHSFYEHD,9.70E-05,1.80E-05
4,WRDRGFYEYD,1.92E-04,2.61E-05
5,YRAVGFYTND,2.43E-04,2.57E-05
6,WNPHGLYVND,2.71E-04,2.41E-05
7,YGEYGMYVNK,4.01E-04,3.26E-05
8,WAPYGLYAHD,3.73E-04,2.94E-05
9,YGMRGLYAYE,4.59E-04,3.13E-05
10,YGGRGMYQLE,5.06E-04,2.92E-05
11,WEEYGLYVHD,1.51E-04,7.70E-06
12,WAMLGMYAHD,7.04E-04,3.03E-05
13,WPKVGLYTND,6.38E-04,2.61E-05
14,WQGIGLYELD,6.30E-04,1.96E-05
15,WQEAAFYAHD,7.39E-04,2.23E-05
16,WNQLGMYVND,7.48E-04,2.24E-05
17,YAGPGMYTNQ,8.25E-04,2.41E-05
18,WAEAGMYEFD,4.53E-04,1.30E-05
19,YSMPGMYTNA,9.55E-04,2.61E-05
20,WPMCGMYTHD,4.42E-04,1.09E-05
21,WGIVSFYEND,8.05E-04,2.01E-05
22,YGDAGMYALK,1.80E-03,3.73E-05
23,YASAGMYTHD,1.70E-03,3.44E-05
24,YGARGFYQND,2.80E-03,4.47E-05
25,WNSDGLYAYE,2.39E-03,3.34E-05
26,YGSNGLYANQ,2.30E-03,3.13E-05
27,WNAPSFYAND,2.25E-03,3.03E-05
28,WQLGGMYTHD,1.21E-03,1.60E-05
29,YQANGLYAYE,4.25E-03,4.40E-05
30,WDGPAFYELD,3.21E-03,1.02E-05
,,,
,,,
,,,
,,,
,,,
,,,
,,,
,,,
,,,
,,,
,,,
,,,
,,,
,,,
,,,
,,,
,,,
,,,
,,,
,,,
,,,
,,,
,,,
,,,
,,,
,,,
,,,
,,,
,,,